NAME_KECAM,curah_huja
Air Manjunto,346.51503658309684
Air Rami,201.2897630441013
Air Purut,273.9181750992814
Ipuh,270.36900774188194
Kota Mukomuko,270.7480005547263
