NAME_KECAM,curah_huja,kemiringan,penggunaan,ketinggian,rawan_banj,prediksi
Air Manjunto,346.51503658309684,9.199369654692392,3,490.0848881970114,0,Aman
Air Rami,201.2897630441013,13.754710434687727,1,109.3604762204146,1,Rawan
Air Purut,273.9181750992814,10.198486376265215,3,604.0624938556468,1,Rawan
Ipuh,270.36900774188194,7.419591091695482,1,214.0807570902321,0,Aman
Kota Mukomuko,270.7480005547263,19.83818667316325,2,375.82602776318095,0,Aman
